models,Accuracy,Precision,Recall,AUC_ROC
Naive Bayes Classifier,0.590508824,0.411543155,0.843610777,0.808660078
Bagged_NB,0.548154071,0.389115926,0.86383968,0.808095909
boosted_NB,0.590291408,0.411325602,0.843021129,0.808558413
Naive Bayes Classifier_OC,0.644333944,0.446861715,0.779328391,0.682896575
Bagged_NB_OC,0.611881706,0.424092037,0.819886611,0.671300569
boosted_NB_OC,0.645511646,0.448103792,0.78325338,0.68485907
