models,Accuracy,Precision,Recall,AUC_ROC
Random Forest Classifier,0.831752705,0.822453474,0.559962532,0.873447058
Random Forest Classifier with Randomsearch CV,0.758072431,0.835600907,0.241086032,0.823796318
Boosted_RF,0.864386683,0.81982285,0.702409432,0.912479385
Random Forest Classifier_OC,0.832242868,0.720453554,0.720453554,0.800309036
Random Forest Classifier with Randomsearch CV_OC,0.765138875,0.606683805,0.617598953,0.722989045
Boosted_RF_OC,0.85710547,0.814562598,0.678150894,0.80598515
